username,fullName,email,password
lbruhn0,Lonee Bruhn,lbruhn0@hibu.com,nl6jz2tp
ebemment1,Enrika Bemment,ebemment1@phoca.cz,Yut2LEv
fdudden2,Francois Dudden,fdudden2@theglobeandmail.com,vbeD5EcXANNZ
ekmicicki3,Ellynn Kmicicki,ekmicicki3@ameblo.jp,rwUvsCfwnUIO
ccaulcutt4,Carce Caulcutt,ccaulcutt4@umich.edu,4pbBydPNJ
gbuncher5,Gwenore Buncher,gbuncher5@hostgator.com,B1C6Qwk1G
mcranny6,Mattias Cranny,mcranny6@clickbank.net,sG6WX9jRPk
srowly7,Suzie Rowly,srowly7@mapy.cz,JjO8gWv5
mrivel8,Mercy Rivel,mrivel8@umich.edu,o7cpfc
tcolombier9,Tommie Colombier,tcolombier9@list-manage.com,JS8soHwHSTVS
bdradeya,Bethina Dradey,bdradeya@ow.ly,rJsS7cJ9x
cstradlingb,Cristabel Stradling,cstradlingb@feedburner.com,vDrjKnuniG
tdensellc,Tova Densell,tdensellc@amazon.de,j9vIWmwS5
nmayelld,Nancie Mayell,nmayelld@hibu.com,xIj3812AWl
bbengefielde,Basile Bengefield,bbengefielde@wufoo.com,jwzHgPi
ttimmsf,Theodosia Timms,ttimmsf@godaddy.com,VG1cSI9zG
mtonryg,Madel Tonry,mtonryg@adobe.com,Pb3wFHHeK6
tbaythroph,Tandy Baythrop,tbaythroph@typepad.com,2xOssnjn
rhurdmani,Rourke Hurdman,rhurdmani@usatoday.com,zkZNZvA
sgoodhayj,Sena Goodhay,sgoodhayj@instagram.com,VkTjHr89
rhedauxk,Ricki Hedaux,rhedauxk@qq.com,DtR6zcV8E77P
ebalmerl,Emlynne Balmer,ebalmerl@youtu.be,Bdm5zxnhxW
sbilovusm,Shadow Bilovus,sbilovusm@xinhuanet.com,kfaf3O16apbC
rroisenn,Riane Roisen,rroisenn@sakura.ne.jp,CfFScWzZAZ5
rsinnocko,Rossy Sinnock,rsinnocko@squarespace.com,cTR3F8vFHk5Q
draggittp,Danya Raggitt,draggittp@statcounter.com,DlL0cxFGX
kmervynq,Kacie Mervyn,kmervynq@fastcompany.com,KMUwJrF4V9
emcneilr,Ebony McNeil,emcneilr@webmd.com,s5I2Rzq
klilleys,Kaia Lilley,klilleys@com.com,K4h8b9B
awillingalet,Adolf Willingale,awillingalet@squarespace.com,zZvaS3fj
spurseru,Saunderson Purser,spurseru@friendfeed.com,CAWOB5H
mwarhamv,Merola Warham,mwarhamv@usa.gov,8AEO6J8Q
oblanckleyw,Obidiah Blanckley,oblanckleyw@cbsnews.com,BMr236Pju
atydemanx,Anabel Tydeman,atydemanx@ovh.net,6gUdRT
ggrimay,Gardner Grima,ggrimay@jiathis.com,63H6F6
dmosconiz,Dorie Mosconi,dmosconiz@ucsd.edu,iS2nQ1
sdominicacci10,Sibylle Dominicacci,sdominicacci10@wikispaces.com,nUPdLQ9gc
hbessom11,Hynda Bessom,hbessom11@cpanel.net,77wqUi9m
ccourtenay12,Caril Courtenay,ccourtenay12@ihg.com,JSGBwer9V
sdrakard13,Saxon Drakard,sdrakard13@plala.or.jp,MrrSMyaVerk
jmoncey14,Jefferey Moncey,jmoncey14@blogspot.com,wkJdEkicrj0
ikirtlan15,Iona Kirtlan,ikirtlan15@miibeian.gov.cn,dhl4yTyMIb
fmarco16,Fanchon Marco,fmarco16@aboutads.info,BvhfOzlFuuXC
tforsythe17,Tedie Forsythe,tforsythe17@elegantthemes.com,skhGoJ
blorkins18,Bettine Lorkins,blorkins18@yellowbook.com,YMkrl4q9
aperago19,Anna-diane Perago,aperago19@1688.com,BCyMZMtE
jmctrustey1a,Janie McTrustey,jmctrustey1a@google.nl,vECW9Qnvy
pmclelland1b,Pearle McLelland,pmclelland1b@prweb.com,Xqkj8dBZN
vburkitt1c,Vin Burkitt,vburkitt1c@bluehost.com,HR3OGBDV0
mpostins1d,Mikey Postins,mpostins1d@europa.eu,IDTvJC
idicken1e,Irina Dicken,idicken1e@addthis.com,DPU6bDK
apitway1f,Anastassia Pitway,apitway1f@dailymotion.com,bRP8EYx
hsprulls1g,Herve Sprulls,hsprulls1g@livejournal.com,llSig453qYy
dfackrell1h,Dell Fackrell,dfackrell1h@posterous.com,O7oHZSdoOKlh
eelbourn1i,Elaina Elbourn,eelbourn1i@biblegateway.com,WCiALeX4iR
cabrahart1j,Corbett Abrahart,cabrahart1j@alibaba.com,sZT1g2peSB
ncaulcutt1k,Nike Caulcutt,ncaulcutt1k@auda.org.au,bza5FbJ
acoom1l,Amandie Coom,acoom1l@engadget.com,nmfKqJ
aclemson1m,Ashil Clemson,aclemson1m@symantec.com,kCpUSH3gzqY
trix1n,Tobiah Rix,trix1n@hp.com,rsfLWwbHX
wwilprecht1o,Walden Wilprecht,wwilprecht1o@twitpic.com,1dlPp81s
gpennington1p,Glynnis Pennington,gpennington1p@pinterest.com,MMg8RbvBQ
ejodlowski1q,Emalee Jodlowski,ejodlowski1q@woothemes.com,o4NhrqBmBhf
ltobias1r,Lowrance Tobias,ltobias1r@nydailynews.com,XVnGI5X4z
fpablo1s,Ferris Pablo,fpablo1s@foxnews.com,KNNnk4ejG
nsighart1t,Nonnah Sighart,nsighart1t@craigslist.org,OIOzMI4kr
tabrahamsohn1u,Tiphany Abrahamsohn,tabrahamsohn1u@paypal.com,rZF9lOzyudnj
ftichner1v,Faye Tichner,ftichner1v@mapy.cz,yteV1lO6T
maleksandrikin1w,Mariejeanne Aleksandrikin,maleksandrikin1w@com.com,f7LUuBuTxK6
abonsey1x,Alfred Bonsey,abonsey1x@tumblr.com,Jr9InCZln
jjosling1y,Jessey Josling,jjosling1y@about.com,sxtIFIOabTv7
kbeamson1z,Khalil Beamson,kbeamson1z@nature.com,6G6wbQJwWrb
shuegett20,Stacee Huegett,shuegett20@ted.com,3lSbGwbCv
chaddacks21,Catlee Haddacks,chaddacks21@gravatar.com,cFIpijLriFT
nbeavan22,Nerta Beavan,nbeavan22@twitpic.com,RPkyJbH
lsollner23,Lil Sollner,lsollner23@miitbeian.gov.cn,VRRdZbGkAiV
cbillingsley24,Constance Billingsley,cbillingsley24@toplist.cz,LtPLhFHRL1
cvanetti25,Corella Vanetti,cvanetti25@exblog.jp,kC1yBFIIBA
lvicar26,Lemmie Vicar,lvicar26@addtoany.com,1ceR9X7Z
bworham27,Bengt Worham,bworham27@tiny.cc,1Zahq957
autridge28,Andrea Utridge,autridge28@arizona.edu,IP1sZuZ
abilbey29,Aurora Bilbey,abilbey29@google.co.jp,jHttA99GX
dbraime2a,Dahlia Braime,dbraime2a@squidoo.com,LJlPdcC
apennycuick2b,Alair Pennycuick,apennycuick2b@mit.edu,kje9c0tV
zcleef2c,Zelda Cleef,zcleef2c@elegantthemes.com,cmW9aXF7J4
bfeldhuhn2d,Brandea Feldhuhn,bfeldhuhn2d@netlog.com,LdOTJe8byy2
mrous2e,Merwin Rous,mrous2e@free.fr,CDwkcdPnk
pwalkinshaw2f,Prue Walkinshaw,pwalkinshaw2f@twitter.com,4iwgblIH
otorns2g,Ottilie Torns,otorns2g@odnoklassniki.ru,mWUgR63YI
olockart2h,Octavius Lockart,olockart2h@woothemes.com,2sLut2
fwigfall2i,Frans Wigfall,fwigfall2i@google.com.hk,7uu80hZ
lwaddie2j,Lauralee Waddie,lwaddie2j@mapquest.com,Ps7KzxVfKf
mpether2k,Margaretha Pether,mpether2k@mtv.com,XXI3lHFaL
bkiddey2l,Brinna Kiddey,bkiddey2l@google.com.au,gCynws
mitshak2m,Morganne Itshak,mitshak2m@alexa.com,6YdEVFCweD
hkenewel2n,Hayley Kenewel,hkenewel2n@scientificamerican.com,hTwQPoZG
imacririe2o,Irina MacRirie,imacririe2o@springer.com,AOfUuqW4
emacquire2p,Elissa Macquire,emacquire2p@bing.com,ifKxBZ3xd81
crutter2q,Cristin Rutter,crutter2q@flavors.me,OnF7jFn75
jstempe2r,Jacques Stempe,jstempe2r@ycombinator.com,72P4K3
wespinoza2s,Whitaker Espinoza,wespinoza2s@ucoz.com,ITF8CIL
sinett2t,Shayne Inett,sinett2t@ning.com,EG0vCPO
oambrogetti2u,Ole Ambrogetti,oambrogetti2u@twitpic.com,99HMmmDG
sjoynes2v,Stephana Joynes,sjoynes2v@amazonaws.com,M84HErj2lP
estollen2w,Edsel Stollen,estollen2w@hibu.com,ZimmBza5Ifo
cbeadles2x,Corrianne Beadles,cbeadles2x@shutterfly.com,SObXIq6q
nsoigoux2y,Nikolaus Soigoux,nsoigoux2y@t.co,Y1mWEnk
jadnam2z,Jamey Adnam,jadnam2z@aboutads.info,kkWDtT
clewisham30,Cristal Lewisham,clewisham30@opensource.org,hMUNcwoRfYJv
abyrcher31,Aimee Byrcher,abyrcher31@auda.org.au,7wPUSp6
rtrivett32,Ranique Trivett,rtrivett32@soundcloud.com,3092kWsjf
jwheldon33,Jaclyn Wheldon,jwheldon33@themeforest.net,6zByBmv
lportt34,Laurel Portt,lportt34@patch.com,uzkfNTIdeV
lbowmer35,Lisabeth Bowmer,lbowmer35@bluehost.com,QwRrHe
igaishson36,Ilyssa Gaishson,igaishson36@virginia.edu,GppjVA9nPW
ngreatbatch37,Nomi Greatbatch,ngreatbatch37@samsung.com,0qbZyWsvGko
edelaprelle38,Evyn Delaprelle,edelaprelle38@vkontakte.ru,Hl7df6sRI1KL
bclackers39,Bary Clackers,bclackers39@wikispaces.com,RkqbiN
mbirtchnell3a,Marcelline Birtchnell,mbirtchnell3a@altervista.org,9GPseTk3U8H
mdorling3b,Madelaine Dorling,mdorling3b@ask.com,gP8aP0yxA
inowill3c,Isaiah Nowill,inowill3c@youtube.com,95eo5Njwh5
cegle3d,Celestyna Egle,cegle3d@engadget.com,KIt1K4pyS
jmcconnel3e,Joete McConnel,jmcconnel3e@biglobe.ne.jp,FqjzJ2
esheilds3f,Edsel Sheilds,esheilds3f@dell.com,QLAbqiz
ckilmurry3g,Corabel Kilmurry,ckilmurry3g@bluehost.com,xXtrtsgBk
gdrewe3h,Godart Drewe,gdrewe3h@nationalgeographic.com,XVza8TM
mdanson3i,Maggie Danson,mdanson3i@skype.com,WCVNkOD92hy
rgath3j,Rochelle Gath,rgath3j@ox.ac.uk,11qI1A9Gvd
sguiet3k,Storm Guiet,sguiet3k@gov.uk,WsH2no6LF
chugnet3l,Chandra Hugnet,chugnet3l@amazon.de,rsiaIGJjvNnN
bwarder3m,Benton Warder,bwarder3m@springer.com,wyJuLUTfyp
hoattes3n,Hobart Oattes,hoattes3n@craigslist.org,BzHjtR
sgilderoy3o,Sarene Gilderoy,sgilderoy3o@nifty.com,xwtHH5dQdC
ecrates3p,Emelia Crates,ecrates3p@timesonline.co.uk,Ip0O43co74
wleveridge3q,Willow Leveridge,wleveridge3q@ox.ac.uk,uvbxa2olg
hgibbie3r,Holly-anne Gibbie,hgibbie3r@t.co,wlwE3QRjoLwH
kdermot3s,Kennett Dermot,kdermot3s@woothemes.com,1ykUzx
dsaywell3t,Denny Saywell,dsaywell3t@google.nl,4idViA
agreatbach3u,Andre Greatbach,agreatbach3u@wordpress.com,7P59IJm21
lcristofanini3v,Lorrie Cristofanini,lcristofanini3v@hexun.com,bZbFNtfT
anisby3w,Annabella Nisby,anisby3w@deviantart.com,8PSU4qZ
enazaret3x,Enrika Nazaret,enazaret3x@networksolutions.com,jx2AbiMUf5M3
lbrownell3y,Linnet Brownell,lbrownell3y@bizjournals.com,0BfJYifIO0sN
oshaudfurth3z,Olenka Shaudfurth,oshaudfurth3z@tripod.com,AJz4Vc
estickel40,Emmott Stickel,estickel40@creativecommons.org,1j2bzUA9SXf
jlongley41,Jaquelyn Longley,jlongley41@latimes.com,Fb5PZMW
pburdell42,Poppy Burdell,pburdell42@artisteer.com,Op9ES70NBsYF
aschurcke43,Aleta Schurcke,aschurcke43@canalblog.com,oqE65X4qdqo
wwalentynowicz44,Willa Walentynowicz,wwalentynowicz44@phpbb.com,WoqNiv
adreier45,Amalita Dreier,adreier45@taobao.com,mzJiKCx
cpele46,Cammy Pele,cpele46@elegantthemes.com,bdYj0uTVx
rbrowell47,Radcliffe Browell,rbrowell47@livejournal.com,zFrCIH
jaris48,Jemmy Aris,jaris48@cnn.com,j4grd3ktfBU
tlansdown49,Tabbie Lansdown,tlansdown49@bloomberg.com,wpig1UI2SS
cvigers4a,Coralie Vigers,cvigers4a@msu.edu,kTplr7RbHa5h
ztrematick4b,Zarla Trematick,ztrematick4b@free.fr,R4hPCIj
jchadbourne4c,Janean Chadbourne,jchadbourne4c@newyorker.com,JcmhXoS
mlarver4d,Moss Larver,mlarver4d@time.com,ykrRgGvF
schriston4e,Salome Christon,schriston4e@wordpress.com,cMf5Mj3
cdwane4f,Conney Dwane,cdwane4f@plala.or.jp,qzyewMmrEYJ
bcollard4g,Ban Collard,bcollard4g@booking.com,eUmQXTNur
tgisborne4h,Tori Gisborne,tgisborne4h@paginegialle.it,5aZXqX9QO
cgrissett4i,Clement Grissett,cgrissett4i@rakuten.co.jp,ZMPUBDF
ctuckett4j,Caddric Tuckett,ctuckett4j@goodreads.com,Xes5deE0ui
nde4k,Nonie De Anesy,nde4k@vimeo.com,yvPMqRrIus2
kspreull4l,Kirbee Spreull,kspreull4l@sfgate.com,j0Yo2OFej
jcleaton4m,Jonathan Cleaton,jcleaton4m@skyrock.com,DFQ1mym
crolfe4n,Cyndi Rolfe,crolfe4n@state.tx.us,G5KvpRI
ldunrige4o,Lidia Dunrige,ldunrige4o@biglobe.ne.jp,w9h6gFg2U
jwannan4p,Jarred Wannan,jwannan4p@time.com,6hQb2L278bb
htadman4q,Hendrick Tadman,htadman4q@cisco.com,CRy0tf0Kgw
mboldero4r,Michele Boldero,mboldero4r@ask.com,6fNC3x
lnuscha4s,Lisha Nuscha,lnuscha4s@jigsy.com,3omTpze
esouthon4t,Ebony Southon,esouthon4t@wix.com,c1cAYngA5KSS
abeccles4u,Adiana Beccles,abeccles4u@economist.com,WdNIIBkG6
acovolini4v,Aaron Covolini,acovolini4v@amazonaws.com,6FAEVf
gmcgillreich4w,Glory McGillreich,gmcgillreich4w@cam.ac.uk,hEXCCF6LCNt
jobeirne4x,Julio O'Beirne,jobeirne4x@google.com.hk,AZR3XkThFKG
mvan4y,Melisandra Van der Baaren,mvan4y@omniture.com,UoMLkxWn
itynemouth4z,Ingaborg Tynemouth,itynemouth4z@1688.com,kdDjfQ
nsly50,Nance Sly,nsly50@europa.eu,GWeAeBpxdaK
sdantoni51,Sarine D'Antoni,sdantoni51@de.vu,agps7UDbe
mkolodziejski52,Mair Kolodziejski,mkolodziejski52@biblegateway.com,gNeQGMC8
mdils53,Mechelle Dils,mdils53@delicious.com,e8waMGuBq4
dglander54,Dareen Glander,dglander54@studiopress.com,WHPmxUp
podowgaine55,Paulie O'Dowgaine,podowgaine55@accuweather.com,xFW4AOr9L
echell56,Evan Chell,echell56@angelfire.com,joumA5X9bP4
jlyptrade57,Janka Lyptrade,jlyptrade57@cocolog-nifty.com,ZXpMLl3CUyoZ
spittford58,Sib Pittford,spittford58@example.com,Twrg7Qqhl5
bgrichukhanov59,Barb Grichukhanov,bgrichukhanov59@nba.com,tH01OYyT1tP
clambertazzi5a,Charlena Lambertazzi,clambertazzi5a@ft.com,83UO4Idg
ddixcee5b,Dimitri Dixcee,ddixcee5b@google.ca,rMTgzbD
gkuschke5c,Grata Kuschke,gkuschke5c@imgur.com,DeG4xkzUdu
scornier5d,Sunshine Cornier,scornier5d@bbb.org,DEkput
rmcmonnies5e,Rob McMonnies,rmcmonnies5e@so-net.ne.jp,Bd4rTMnS
jshapland5f,Jeromy Shapland,jshapland5f@miibeian.gov.cn,lER0J4XaY
tpepperill5g,Thaddeus Pepperill,tpepperill5g@jimdo.com,JVsYGUgXm4A
apabst5h,Allister Pabst,apabst5h@timesonline.co.uk,N4hnqu
ichaise5i,Idalina Chaise,ichaise5i@weibo.com,5O45r6oEN
dtynemouth5j,Dane Tynemouth,dtynemouth5j@webeden.co.uk,4gwbSUt5BKHZ
fcohane5k,Fleur Cohane,fcohane5k@xing.com,9GOAzAMdCwAc
pfrostdicke5l,Priscella Frostdicke,pfrostdicke5l@vkontakte.ru,ktMZNQcUH9LA
jcornelleau5m,Joelly Cornelleau,jcornelleau5m@shareasale.com,VrFfDVl7XHI
sgambell5n,Shaun Gambell,sgambell5n@goodreads.com,pUKfYRbvB5Zx
efolkerts5o,Elyssa Folkerts,efolkerts5o@vkontakte.ru,9ptw8gAPbS65
rjerrim5p,Rosie Jerrim,rjerrim5p@dell.com,F4G2XYM0E
gellyatt5q,Gearalt Ellyatt,gellyatt5q@mtv.com,338J7MBeTkX
sbushell5r,Samuel Bushell,sbushell5r@devhub.com,xWpe5b
ngallahue5s,Normie Gallahue,ngallahue5s@topsy.com,jPxzgu9T2
dablitt5t,Dollie Ablitt,dablitt5t@weather.com,PJwDltWjeJH
sklemt5u,Sid Klemt,sklemt5u@reverbnation.com,j8ZGf3
fpark5v,Filide Park,fpark5v@sciencedirect.com,abahiYDe3XYa
ldarrow5w,Lyndel Darrow,ldarrow5w@163.com,mu41v6HW
tfeldmus5x,Tina Feldmus,tfeldmus5x@who.int,do2sHlX
cbrazear5y,Cecilio Brazear,cbrazear5y@phoca.cz,xhe8xh1mS5
asilbersak5z,Andros Silbersak,asilbersak5z@symantec.com,svtGAYyeOjS
agillmor60,Andriana Gillmor,agillmor60@pagesperso-orange.fr,EacXkf
fmorson61,Ferdinanda Morson,fmorson61@toplist.cz,8bjIB5NHFwa
mpena62,Man Pena,mpena62@webs.com,7OaCSvAis
sdring63,Sergio Dring,sdring63@networksolutions.com,g0Crif4Jcs
srowswell64,Shane Rowswell,srowswell64@seesaa.net,1zOzHkjabz
aslade65,Ado Slade,aslade65@archive.org,lCsGPlgnB5Ss
mselburn66,Myrle Selburn,mselburn66@youku.com,DvG0xeAQ
jseyfart67,Jacynth Seyfart,jseyfart67@skype.com,4MsgQSQL
gfancett68,Grady Fancett,gfancett68@squidoo.com,9ODo98QSyR
pbraycotton69,Paton Braycotton,pbraycotton69@mail.ru,j2uG5Q
irowe6a,Ive Rowe,irowe6a@salon.com,UGa6iXMpa
opresman6b,Oona Presman,opresman6b@printfriendly.com,nkNIVx6CMieJ
aivakhno6c,Austina Ivakhno,aivakhno6c@mediafire.com,ikdGeL0ESJ3
szahor6d,Susann Zahor,szahor6d@ft.com,dTYdY0U5F6Hu
sratazzi6e,Scott Ratazzi,sratazzi6e@furl.net,07gjn3
sfranssen6f,Shawn Franssen,sfranssen6f@exblog.jp,e8uMfN
tofairy6g,Torey O'Fairy,tofairy6g@hugedomains.com,TGJVuhXY
lsexten6h,Lanie Sexten,lsexten6h@goodreads.com,v15SRA6wlF
rkynastone6i,Robin Kynastone,rkynastone6i@blogs.com,kcEkowJiUljt
tseebert6j,Terese Seebert,tseebert6j@quantcast.com,FMFOup
cnaisey6k,Celestia Naisey,cnaisey6k@senate.gov,EVOw7FG
cwenham6l,Cicely Wenham,cwenham6l@etsy.com,OcyoffwsM
tandrag6m,Tabbie Andrag,tandrag6m@dagondesign.com,xbCwwYTUj2T
crase6n,Chrissy Rase,crase6n@flickr.com,ZAHU2u8Dxs
bcarnelley6o,Brunhilda Carnelley,bcarnelley6o@bbc.co.uk,4iJUinbv
ncolebourne6p,Nealon Colebourne,ncolebourne6p@google.cn,NatKo7fU
mjiggins6q,Melodie Jiggins,mjiggins6q@japanpost.jp,I9lkHw
cbavister6r,Cortney Bavister,cbavister6r@histats.com,Da3TQdUmG
jarrighi6s,Janel Arrighi,jarrighi6s@networkadvertising.org,I4Duv2HP
kde6t,Kingsly De Metz,kde6t@cnbc.com,9RnpVGfEZE
klearie6u,Kimberley Learie,klearie6u@netvibes.com,DbvPu9
broblou6v,Barny Roblou,broblou6v@japanpost.jp,RcNs4Ffyny
ebiford6w,Eal Biford,ebiford6w@tmall.com,W7KfJt4y7h97
fcozens6x,Farlay Cozens,fcozens6x@sohu.com,w6DVHr2
emcgenis6y,Easter McGenis,emcgenis6y@fotki.com,mWsnHPNnS9J
pkliment6z,Pier Kliment,pkliment6z@rakuten.co.jp,PfpLlsU6DCK
sdaubney70,Shani Daubney,sdaubney70@zimbio.com,HpS2Yzqv
eclaworth71,Edita Claworth,eclaworth71@oaic.gov.au,JujyoekumQV
fgligorijevic72,Fayre Gligorijevic,fgligorijevic72@census.gov,UmJeG2lsbIt
arobbe73,Annabel Robbe,arobbe73@google.cn,BYrh0CiJ
gcowans74,Guntar Cowans,gcowans74@blogs.com,fbFGGk9T
mbonder75,Marj Bonder,mbonder75@businessinsider.com,bOaRotu
ybordman76,Yvor Bordman,ybordman76@yelp.com,Xbm82mldn1
cnewlands77,Christalle Newlands,cnewlands77@hao123.com,IzS4u5zb
dsplaven78,Donalt Splaven,dsplaven78@elpais.com,mRAUKsQsR
dfawlks79,Drona Fawlks,dfawlks79@jiathis.com,Cb0wpCY2HwYT
dpunchard7a,Daniella Punchard,dpunchard7a@cyberchimps.com,Y3XEA79N7Wea
groncelli7b,Galven Roncelli,groncelli7b@nps.gov,iNrzbbTWbg
pslides7c,Prentiss Slides,pslides7c@trellian.com,QO9XFpZU6V0
mdorking7d,Margie Dorking,mdorking7d@admin.ch,GoDKac
cfabbro7e,Cindie Fabbro,cfabbro7e@spotify.com,eIzgOnESk
gmccroary7f,Gladys McCroary,gmccroary7f@tripod.com,ZCbYQz
ndi7g,Nichols Di Lucia,ndi7g@trellian.com,gpVKSFuBo5
egoldup7h,Estele Goldup,egoldup7h@aol.com,7VMfik7WJb
lgullen7i,Lorianna Gullen,lgullen7i@shutterfly.com,sDLYgQAiJrh
jcroxall7j,Jeffie Croxall,jcroxall7j@auda.org.au,XT64NJYGx
egranger7k,Editha Granger,egranger7k@house.gov,dj3Aue
fashtonhurst7l,Felipe Ashtonhurst,fashtonhurst7l@oaic.gov.au,aYW6iv
gdinley7m,Gaylor Dinley,gdinley7m@people.com.cn,TQJvvZ2qtwp
lcleobury7n,Loni Cleobury,lcleobury7n@drupal.org,rTtnMio
yassel7o,Yale Assel,yassel7o@1und1.de,PfFVMdzAxl
avance7p,Adelice Vance,avance7p@surveymonkey.com,Est3QMZxCO
mgrimbleby7q,Mercy Grimbleby,mgrimbleby7q@newsvine.com,ggeFQtllQeP
afranzelini7r,Aviva Franzelini,afranzelini7r@economist.com,rzvK3POB1
wbowland7s,Wanids Bowland,wbowland7s@noaa.gov,V3SICV
giannelli7t,Gus Iannelli,giannelli7t@wikispaces.com,FekrBif1o
skenford7u,Sioux Kenford,skenford7u@mysql.com,Gern6Qw2V
wnorres7v,Winifred Norres,wnorres7v@mail.ru,1vA2783UyV
otelega7w,Opalina Telega,otelega7w@privacy.gov.au,97rwj9iI
ldaid7x,Lock Daid,ldaid7x@state.tx.us,sTda40pqqjFL
tlerer7y,Tracey Lerer,tlerer7y@scribd.com,zsAK14b
gcousen7z,Gerek Cousen,gcousen7z@addtoany.com,hoMacXgbfY
roscannill80,Ruthann O'Scannill,roscannill80@yahoo.co.jp,lXh5bc
lcrumbleholme81,Leicester Crumbleholme,lcrumbleholme81@hexun.com,G4MMfGp
bfeilden82,Bambi Feilden,bfeilden82@vistaprint.com,xoetjzGFL
bpotes83,Blaire Potes,bpotes83@digg.com,7uwQb2
sgorton84,Sande Gorton,sgorton84@youku.com,vMX6pr2ICs
gcowlam85,Giulietta Cowlam,gcowlam85@cbc.ca,3TLUy1cDY
tkunzelmann86,Torrie Kunzelmann,tkunzelmann86@wix.com,CQNHI986YB
cblunsden87,Cody Blunsden,cblunsden87@diigo.com,53vqEzrFS0D
plebrun88,Pate Lebrun,plebrun88@vinaora.com,KfgoGh
vbraker89,Valdemar Braker,vbraker89@mac.com,XNuZPMpT
lsphinxe8a,Leola Sphinxe,lsphinxe8a@seattletimes.com,tQold3VPOh0O
mjosovich8b,Matthias Josovich,mjosovich8b@dagondesign.com,1It0PPc0
nvan8c,Nikos Van Arsdalen,nvan8c@auda.org.au,cvsp7So7Sfmz
tsmithin8d,Tandy Smithin,tsmithin8d@unc.edu,E8jybM
pclubbe8e,Penelopa Clubbe,pclubbe8e@issuu.com,jvvDILT
ccourcey8f,Cristin Courcey,ccourcey8f@multiply.com,7RzVk1
hgurys8g,Horace Gurys,hgurys8g@tamu.edu,sR755trMPmbx
dbrecknall8h,Dolley Brecknall,dbrecknall8h@europa.eu,EZUm3wnL
jmellem8i,Janaya Mellem,jmellem8i@nhs.uk,n3J1AfQw6yS
lmain8j,Lewie Main,lmain8j@nhs.uk,tAQObiprY
sbiaggioni8k,Sib Biaggioni,sbiaggioni8k@unesco.org,3gYOGV
dgerge8l,Delia Gerge,dgerge8l@state.tx.us,QCULy0NmGrf
lbarnshaw8m,Leanor Barnshaw,lbarnshaw8m@meetup.com,jfkQkFQJimw
kbrome8n,Kristina Brome,kbrome8n@plala.or.jp,O3LGSNkKdCa9
hfinnick8o,Hasheem Finnick,hfinnick8o@nature.com,aF2vpiBtv
smatejovsky8p,Sibyl Matejovsky,smatejovsky8p@mediafire.com,PbsjkZCwD0
dcurreen8q,Darcee Curreen,dcurreen8q@list-manage.com,h9IQnYy6kCC
inorthcote8r,Ingunna Northcote,inorthcote8r@yahoo.co.jp,vQ3iSphKDGv
ycolomb8s,Yance Colomb,ycolomb8s@sogou.com,Rg1iejHIr
bwalklott8t,Brynn Walklott,bwalklott8t@reverbnation.com,lbhJj7eg
eoland8u,Emylee Oland,eoland8u@simplemachines.org,8BJsp0AM8
rsweetlove8v,Roseanna Sweetlove,rsweetlove8v@php.net,Ivog6ub8Mdv
tminguet8w,Tyler Minguet,tminguet8w@guardian.co.uk,mqV3a5w7n3f
bwookey8x,Birk Wookey,bwookey8x@reference.com,sdaDzpfJI
agladbach8y,Allie Gladbach,agladbach8y@webs.com,tracAMYX
rsaunter8z,Rosaleen Saunter,rsaunter8z@hugedomains.com,Z215k6g
marrandale90,Man Arrandale,marrandale90@marriott.com,0kQmNBeO
nhinzer91,Ninetta Hinzer,nhinzer91@whitehouse.gov,2eEio7
felderton92,Fernande Elderton,felderton92@mediafire.com,cTK6lU
cruter93,Curt Ruter,cruter93@mac.com,fLjb70nQdcx
cpalleske94,Christian Palleske,cpalleske94@mlb.com,y9tyK8pFWSE
ywinsom95,Yanaton Winsom,ywinsom95@scribd.com,dHuDk4
akoppen96,Amby Koppen,akoppen96@ibm.com,YUhRQs4
kkennett97,Krissie Kennett,kkennett97@sciencedaily.com,MERJ7S
jgenner98,Jenn Genner,jgenner98@hatena.ne.jp,ZuYj8zOFw
dsparsholt99,Dav Sparsholt,dsparsholt99@google.nl,mldjxZQS
bdawley9a,Birch Dawley,bdawley9a@multiply.com,My2fR4AS
mflorio9b,Margaux Florio,mflorio9b@ebay.co.uk,6yyAyV
lkinastan9c,Law Kinastan,lkinastan9c@timesonline.co.uk,gYWAVJQM9R
ogoscar9d,Osborn Goscar,ogoscar9d@1688.com,D2qpEb
madrien9e,Mina Adrien,madrien9e@elegantthemes.com,JE227lB8wB
mfarbrother9f,Markos Farbrother,mfarbrother9f@4shared.com,hDY27fsO
readen9g,Ralph Eaden,readen9g@redcross.org,cGlXFhl2YW
rkock9h,Russell Kock,rkock9h@w3.org,ePGix70e
cbrobyn9i,Carlo Brobyn,cbrobyn9i@addtoany.com,cwWMCWE
agamett9j,Allix Gamett,agamett9j@go.com,sP34MXI61drn
jaddie9k,Jayme Addie,jaddie9k@smugmug.com,BDuBEV
alembke9l,Ashia Lembke,alembke9l@gravatar.com,YHzsCQavpetA
mbattle9m,Moina Battle,mbattle9m@youtube.com,Hubt7HH
mshatliff9n,Mose Shatliff,mshatliff9n@squidoo.com,0DuEWdj6
aiveans9o,Adelina Iveans,aiveans9o@lulu.com,DAxggaobBpL
rfaccini9p,Richmond Faccini,rfaccini9p@washington.edu,d31pqUjpZvOY
scastano9q,Sansone Castano,scastano9q@icq.com,HTeS9C
ctrotman9r,Correna Trotman,ctrotman9r@tinypic.com,i55l6D
hrowes9s,Hyacinthie Rowes,hrowes9s@php.net,78mfXVkvjpL7
jdysart9t,Jdavie Dysart,jdysart9t@webnode.com,LRyV52Qcv
rdurtnal9u,Ronica Durtnal,rdurtnal9u@zimbio.com,PfNdML
nbossons9v,Nettie Bossons,nbossons9v@yahoo.co.jp,k0W4FAzxQU
ftimothy9w,Flori Timothy,ftimothy9w@typepad.com,jem0q6hr
fgreatreax9x,Forrest Greatreax,fgreatreax9x@parallels.com,FjrsThpvbQX
bhicks9y,Bryana Hicks,bhicks9y@yahoo.co.jp,973TkK7fnmv1
egiacobillo9z,Evangelia Giacobillo,egiacobillo9z@nydailynews.com,OkV7tH
htschurscha0,Hildegaard Tschursch,htschurscha0@newsvine.com,NtFIn8hnYdI9
lmccarrolla1,Lee McCarroll,lmccarrolla1@facebook.com,hQSy5oX6VUN8
iravenhilla2,Ira Ravenhill,iravenhilla2@simplemachines.org,PwJF86E
fsawla3,Felisha Sawl,fsawla3@uiuc.edu,wLFmXULn
mcastanosa4,Millicent Castanos,mcastanosa4@ifeng.com,cQ8BXnoZTHWp
eburcombea5,Earl Burcombe,eburcombea5@cocolog-nifty.com,cSD7Lb
wmoutona6,Wyn Mouton,wmoutona6@umn.edu,Qphur0vail
dpietrzaka7,Donetta Pietrzak,dpietrzaka7@spiegel.de,mPAp9Rr
tgargetta8,Tommie Gargett,tgargetta8@answers.com,tP2qOK2sLtcT
bsimoneaua9,Barbaraanne Simoneau,bsimoneaua9@lulu.com,jU3C8aTFA
irattrieaa,Ignace Rattrie,irattrieaa@globo.com,J3Eylj7q9
apolottiab,Alexandros Polotti,apolottiab@chicagotribune.com,nlUOHzrT
hmesnardac,Hernando Mesnard,hmesnardac@opera.com,cKCvr8h
csouthwayad,Celesta Southway,csouthwayad@vinaora.com,0wtV0aDp0F
dmacnallyae,Darb MacNally,dmacnallyae@drupal.org,4M5QFwDkyD
kfettiplaceaf,Koressa Fettiplace,kfettiplaceaf@cbc.ca,1kPb4NOWDC
nkorejsag,Nerita Korejs,nkorejsag@sfgate.com,4g8N6d9UEMVV
sdensumbeah,Sophia Densumbe,sdensumbeah@liveinternet.ru,3gQ6cHo
apitcaithleyai,Aime Pitcaithley,apitcaithleyai@drupal.org,luDX61qa
jmeriothaj,Jillian Merioth,jmeriothaj@linkedin.com,8XNZFH4fn4K
lwhatleyak,Loreen Whatley,lwhatleyak@plala.or.jp,ZPMMc48f1W2K
dlemaryal,Datha Lemary,dlemaryal@issuu.com,UWtBnIzpGzmz
ghuleattam,Gabrila Huleatt,ghuleattam@eepurl.com,xahbTS
nbolingbrokean,Nichole Bolingbroke,nbolingbrokean@google.de,NJweTmKfVyJL
ubishellao,Ulrike Bishell,ubishellao@foxnews.com,HLpjLhS09sP
gpearsonap,Gram Pearson,gpearsonap@topsy.com,imIiEUFkcL
lmaginnaq,Leilah Maginn,lmaginnaq@zdnet.com,3TfxvvZhu
jgirtonar,Jared Girton,jgirtonar@theguardian.com,PCYzrEd
gcasselyas,Grier Cassely,gcasselyas@i2i.jp,IDQXCCY
aangroveat,Andras Angrove,aangroveat@blogspot.com,RimbNXEQ8r
spinckstoneau,Sharla Pinckstone,spinckstoneau@pagesperso-orange.fr,vTgwT5tI
scianniav,Shem Cianni,scianniav@weather.com,LffyExL8yt
myarrantonaw,Marena Yarranton,myarrantonaw@etsy.com,DtrhoM
ksmaridgeax,Kimmi Smaridge,ksmaridgeax@tmall.com,steYYX46
pcastreeay,Pate Castree,pcastreeay@indiegogo.com,zjHz8J1
cbloweraz,Che Blower,cbloweraz@newyorker.com,fOP1MI
gfinlaterb0,Garrik Finlater,gfinlaterb0@eventbrite.com,uMXAUce97af
aboulstridgeb1,Annemarie Boulstridge,aboulstridgeb1@desdev.cn,UySHuH
bpaquetb2,Belita Paquet,bpaquetb2@soup.io,sD9g61hD7DM
jphinnessyb3,Jarib Phinnessy,jphinnessyb3@skype.com,HPRyRT4ZDHz
zlandrethb4,Zena Landreth,zlandrethb4@canalblog.com,jcsfns9U2M6k
golekb5,Gavan Olek,golekb5@skyrock.com,gDvPeG
elidgertonb6,Eddie Lidgerton,elidgertonb6@blogger.com,H6ChDzFzvkK
klabdonb7,Kristan Labdon,klabdonb7@reverbnation.com,4d4xFusl
aabotsonb8,Arne Abotson,aabotsonb8@bbb.org,XuyE6wy6M
mstrawbridgeb9,Mira Strawbridge,mstrawbridgeb9@sohu.com,RSjIX6VCwP
bmatthiesenba,Baron Matthiesen,bmatthiesenba@cyberchimps.com,uVsC3wu
irowlettbb,Ivy Rowlett,irowlettbb@ft.com,0yZc4Pujk
atumiotobc,Adel Tumioto,atumiotobc@fda.gov,qC6T16Jh
gandorbd,Garth Andor,gandorbd@walmart.com,iHSG7cG
kquaylebe,Kristal Quayle,kquaylebe@nyu.edu,rwu9rRS
ahutablebf,Anselm Hutable,ahutablebf@nyu.edu,VLUX4lu1A
jmartybg,Jerrome Marty,jmartybg@techcrunch.com,IQZ7J1Br9
mgaberbh,Min Gaber,mgaberbh@wikispaces.com,mVpxirT
gstevingsbi,Gretel Stevings,gstevingsbi@alibaba.com,RcHhBWvMIp
carnkebj,Cesya Arnke,carnkebj@pagesperso-orange.fr,9iYf6zZy
rmottonbk,Renado Motton,rmottonbk@xinhuanet.com,pcXxAlw2bPO7
kwybrewbl,Kimbell Wybrew,kwybrewbl@hc360.com,BnoyTr1
lletfordbm,Lucie Letford,lletfordbm@telegraph.co.uk,nsrZ0hEDc
jdobingbn,Jeri Dobing,jdobingbn@google.cn,yDuNHmNH
abernaldezbo,Anna-maria Bernaldez,abernaldezbo@yolasite.com,1C8fbAbqInT
sjelphsbp,Suzy Jelphs,sjelphsbp@lulu.com,NCth2fyCcTd
ltirkinbq,Lothaire Tirkin,ltirkinbq@jalbum.net,8yAE8hqmW53
nsessionsbr,Norbert Sessions,nsessionsbr@pcworld.com,4F0hjOYjU
hgalesbs,Husein Gales,hgalesbs@cbc.ca,iyCfPFPQE
egairbt,Elita Gair,egairbt@hibu.com,N1q2GNxzj
bcogginbu,Birch Coggin,bcogginbu@springer.com,lyzhy8wL
ddiamentbv,Daune Diament,ddiamentbv@buzzfeed.com,JosHvxpyLTh
ptallynbw,Prudy Tallyn,ptallynbw@princeton.edu,xTbwXDp
rtoonebx,Ruttger Toone,rtoonebx@fda.gov,W63yVn
bbourcqby,Berkley Bourcq,bbourcqby@thetimes.co.uk,uSglQO
rpenrosebz,Reade Penrose,rpenrosebz@cyberchimps.com,hM7OfXRYL3RH
istumpc0,Ivett Stump,istumpc0@nps.gov,hmoJCJOjCUZ
btriponc1,Brinn Tripon,btriponc1@state.tx.us,NzFaNX
trumbellowc2,Tess Rumbellow,trumbellowc2@meetup.com,Usxpuptj
hrugieric3,Hobey Rugieri,hrugieric3@state.tx.us,drg2YA
gstockneyc4,Garey Stockney,gstockneyc4@skype.com,iOXpNp3YWCl
bboostc5,Benny Boost,bboostc5@sun.com,Wt0bagZzsvu
wcobdenc6,Wileen Cobden,wcobdenc6@wix.com,Cx5K10O
pspoorc7,Phillie Spoor,pspoorc7@amazonaws.com,MrSQJgLFl
gohannayc8,Guilbert O'Hannay,gohannayc8@com.com,CZpAsG
godlinc9,Gene Odlin,godlinc9@whitehouse.gov,Q3u1w4gPw
wsheplandca,Wendell Shepland,wsheplandca@elegantthemes.com,IBwCAUEI9
lswindincb,Lisbeth Swindin,lswindincb@nps.gov,CseOXDr
rkilgalloncc,Redford Kilgallon,rkilgalloncc@qq.com,IjRsdp
jtakoscd,Joye Takos,jtakoscd@angelfire.com,Y97HDywi
chuburnce,Cleavland Huburn,chuburnce@discovery.com,nbuTvng
drichcf,Drucy Rich,drichcf@timesonline.co.uk,kkdNIIq9tCTt
omerwedecg,Olly Merwede,omerwedecg@blogtalkradio.com,c3CROY
gpankethch,Giovanna Panketh,gpankethch@themeforest.net,1wEiDaztfrKX
hhubballci,Hubie Hubball,hhubballci@pcworld.com,AT5ZhAfcmN
mriguardcj,Mavis Riguard,mriguardcj@goodreads.com,AED7Uv5T
mkynsonck,Maddie Kynson,mkynsonck@goo.gl,Ef2I8pdRlgmo
mplutherocl,Maxy Pluthero,mplutherocl@washingtonpost.com,3c29TFHh3sj
dklemkecm,Dynah Klemke,dklemkecm@youtu.be,8bv15mr
rchapecn,Roseanna Chape,rchapecn@usa.gov,cQVTXrnG
hboyetco,Herschel Boyet,hboyetco@wiley.com,HrUgIjWw0A6
emcrorycp,Elbertine McRory,emcrorycp@friendfeed.com,NRau10
mretallickcq,Milka Retallick,mretallickcq@psu.edu,3YrZ3DnQmc
kalyonovcr,Karl Alyonov,kalyonovcr@myspace.com,SjiDEg
mjanzencs,Marcie Janzen,mjanzencs@earthlink.net,SsQaxg
pruect,Prentiss Rue,pruect@chronoengine.com,nYEOXjXR
ijuraszcu,Iggy Jurasz,ijuraszcu@seattletimes.com,JebZ66U
mmeldrumcv,Milo Meldrum,mmeldrumcv@ft.com,aIcx0IzjZs
gbarghcw,Genna Bargh,gbarghcw@blinklist.com,c3RlavuuTb
lcotterelcx,Lurline Cotterel,lcotterelcx@reverbnation.com,Ecle9kizHTJ
adavidoviczcy,Archibald Davidovicz,adavidoviczcy@mayoclinic.com,zZyopa51SZ
nolsencz,Nesta Olsen,nolsencz@google.com.br,vjoburKq
gmacenellyd0,Gilly MacEnelly,gmacenellyd0@reference.com,YA5CffS
ctubblesd1,Crissie Tubbles,ctubblesd1@cbc.ca,aEZqjzeS9p
ntoughd2,Neila Tough,ntoughd2@ustream.tv,MLNUBXLs4
atabramd3,Alikee Tabram,atabramd3@noaa.gov,CoDs0S6
nleathemd4,Noach Leathem,nleathemd4@economist.com,hEwLTUj
dmaudettd5,Dulcie Maudett,dmaudettd5@t-online.de,UkvWEUZjXw
apated6,Audy Pate,apated6@ft.com,X29OPpHQ
aevensdend7,Abigail Evensden,aevensdend7@surveymonkey.com,bsBdDaDn2NSd
slangand8,Sidonnie Langan,slangand8@bigcartel.com,yh3WpJx6
ltrilld9,Link Trill,ltrilld9@uol.com.br,j2YIq8Pz5SRG
pbirtleyda,Phedra Birtley,pbirtleyda@last.fm,4AbiemdpsbE
bnorthingdb,Betty Northing,bnorthingdb@ft.com,nfU7Ew
cbisselldc,Coralie Bissell,cbisselldc@blogger.com,ihoocMwJd96
ateissierdd,Anastasia Teissier,ateissierdd@nifty.com,MVp7G6TRA7Ms
zdruhande,Zea Druhan,zdruhande@bloomberg.com,FpyCwR
bosgordbydf,Bernette Osgordby,bosgordbydf@moonfruit.com,dqKN6WQ5E
cragotdg,Curtis Ragot,cragotdg@spiegel.de,RWLQAxu
ldjordjevicdh,Linnet Djordjevic,ldjordjevicdh@economist.com,97lwrDPGObDI
vruoffdi,Verge Ruoff,vruoffdi@ning.com,22DwpV8
hchecchetellidj,Hilton Checchetelli,hchecchetellidj@usa.gov,a94eeY60EU
cgammondk,Carlie Gammon,cgammondk@usa.gov,UTIIDh
ngullamdl,Nicolle Gullam,ngullamdl@stanford.edu,xj4qhNouF
bdymokedm,Bo Dymoke,bdymokedm@alexa.com,4zl2kdkf1yx
zkennetdn,Zabrina Kennet,zkennetdn@reference.com,WLx0f4JHvki
mmargeramdo,Margarete Margeram,mmargeramdo@webmd.com,hULpTKrhyL
liwanowiczdp,Lin Iwanowicz,liwanowiczdp@epa.gov,laSeFCUbWXBo
randrinidq,Randy Andrini,randrinidq@devhub.com,PK0xGs
arichemontdr,Adelice Richemont,arichemontdr@ebay.co.uk,dmDUoLm3Tj5h
pmacleands,Patty Maclean,pmacleands@lycos.com,otIePAAb
hwallmandt,Hasheem Wallman,hwallmandt@irs.gov,Fl1U2zRI
leastmandu,Larissa Eastman,leastmandu@shutterfly.com,XMDg1deHN4T
smckewdv,Stevy McKew,smckewdv@globo.com,wHf2Z1lJ
ljevonsdw,Lilly Jevons,ljevonsdw@forbes.com,O2UMnK
tvallintinedx,Tiffani Vallintine,tvallintinedx@de.vu,X2nTgSB2kW
ggormleydy,Gustav Gormley,ggormleydy@godaddy.com,E35P4k7OeDk
aambroixdz,Andrew Ambroix,aambroixdz@blogspot.com,00HoUXi3
clendene0,Cathee Lenden,clendene0@desdev.cn,efKcbXTaUAn
ekerswille1,Erwin Kerswill,ekerswille1@blogtalkradio.com,iVdx1KQ5d
ugillbee2,Ulises Gillbe,ugillbee2@cargocollective.com,wXS3eSn9Y8
pcroptone3,Pebrook Cropton,pcroptone3@utexas.edu,dHkDJW
gferraresie4,Gabey Ferraresi,gferraresie4@discovery.com,hI3FBjItQus3
lmackilpatricke5,Lenard Mackilpatrick,lmackilpatricke5@reddit.com,FdgKQhXD
bavrahame6,Bevon Avraham,bavrahame6@seesaa.net,A24MQk9
rgreenshieldse7,Reese Greenshields,rgreenshieldse7@gravatar.com,l5fQpNE
dferreae8,Duky Ferrea,dferreae8@ocn.ne.jp,UpPGFX2Cd
mrittelmeyere9,Margarete Rittelmeyer,mrittelmeyere9@washington.edu,TG6KUeJr42f
hbeveredgeea,Hali Beveredge,hbeveredgeea@upenn.edu,l2q9nlHtJ8Di
smcvaugheb,Shelby McVaugh,smcvaugheb@admin.ch,SE1xVUgcLPIW
kmottenec,Krishna Motten,kmottenec@4shared.com,jCkBpLQb
slenhamed,Sayers Lenham,slenhamed@youku.com,PctyvRpxQZ
wogelbeee,Wendell Ogelbe,wogelbeee@columbia.edu,A9JOpS6y9qtd
rcapewellef,Roze Capewell,rcapewellef@ning.com,5JNIBh
mlockheadeg,Myron Lockhead,mlockheadeg@fema.gov,pSHrxZxcB
vbrendeleh,Vince Brendel,vbrendeleh@ifeng.com,BjTkQAtXt
mmittonei,Millard Mitton,mmittonei@cbslocal.com,8yu0x4s6Wf
cbroeej,Christoper Broe,cbroeej@vk.com,sexKCROmv3
wizakovek,Wyatan Izakov,wizakovek@baidu.com,TqeQDyY
aquickel,Ailsun Quick,aquickel@constantcontact.com,IpvSzeix9q
acranstoneem,Aharon Cranstone,acranstoneem@ebay.co.uk,GXlyV4rupAv
lwhitteten,Lauritz Whittet,lwhitteten@hud.gov,gGbO9EgEcRB
aduboseeo,Aloysius Dubose,aduboseeo@google.pl,aVWw5SrdUa
cwanekep,Coop Wanek,cwanekep@java.com,R2m98YkjDLqH
tgaveltoneeq,Tucker Gaveltone,tgaveltoneeq@youtu.be,Gch1ozw
szanardiier,Starla Zanardii,szanardiier@google.ru,HZZPxUSnrbZ
rturbilles,Rhody Turbill,rturbilles@oaic.gov.au,Y0b1UCkT6r
asimantset,Ame Simants,asimantset@ted.com,jS1bJWb5Y
rmilbourneeu,Robyn Milbourne,rmilbourneeu@imgur.com,WrClNPB1
biacopoev,Batsheva Iacopo,biacopoev@ucsd.edu,NrCpsOb4b
adalgleishew,Abie Dalgleish,adalgleishew@hubpages.com,Ja33dWlC
wdampneyex,Woodie Dampney,wdampneyex@over-blog.com,goVKMO
kmacfadiney,Karlene MacFadin,kmacfadiney@harvard.edu,1GlNCTjRBlX
fcaulkettez,Faina Caulkett,fcaulkettez@amazon.co.uk,mJMDa0
weakinsf0,Willamina Eakins,weakinsf0@51.la,CQo5JY5Adxw
wbeebyf1,Wilhelmina Beeby,wbeebyf1@smh.com.au,F2LfuePUyWp
lmaccaugheyf2,Leonidas MacCaughey,lmaccaugheyf2@xrea.com,HpBlUTAPF
bdurbanf3,Basilio Durban,bdurbanf3@thetimes.co.uk,t94N5KSovu
gohanniganf4,Gideon O'Hannigan,gohanniganf4@nyu.edu,wkdNvBtLna5p
lgiorgiuttif5,Lissa Giorgiutti,lgiorgiuttif5@answers.com,bLspvhqIyU
jdef6,Jodee De Malchar,jdef6@etsy.com,wVKgsyLVe
cchampleyf7,Corby Champley,cchampleyf7@goo.ne.jp,xyxM0itY
dblincowef8,Donnie Blincowe,dblincowef8@bbc.co.uk,oPqQsgS
kviggarsf9,Kasper Viggars,kviggarsf9@opensource.org,5BqlSQktE
tpossefa,Torey Posse,tpossefa@domainmarket.com,wTmfu6HVjWpm
lgoveyfb,Lindi Govey,lgoveyfb@weebly.com,y7IySCjD
jlewsyfc,Jameson Lewsy,jlewsyfc@unicef.org,iFFSKDAHv
phugginsfd,Parsifal Huggins,phugginsfd@prweb.com,bopXAwvgpJX
cgodlyfe,Carol-jean Godly,cgodlyfe@wired.com,oZgWpFIYwd9f
oblackhallff,Olwen Blackhall,oblackhallff@tamu.edu,wFnsoiK4c
fcreasefg,Faye Crease,fcreasefg@miibeian.gov.cn,rB4Km2Y
ntourryfh,Ninon Tourry,ntourryfh@slideshare.net,bCMzkFjWZq62
dkaaskooperfi,Darb Kaaskooper,dkaaskooperfi@cdc.gov,RGJmE9n
tfirebracefj,Tab Firebrace,tfirebracefj@ox.ac.uk,I93CDT
ljanatkafk,Libbie Janatka,ljanatkafk@vkontakte.ru,447NMdzO
mpellettfl,Marni Pellett,mpellettfl@salon.com,H3VYhunsXg
asiredfm,Ardath Sired,asiredfm@alibaba.com,axR2VO56rm
joilierfn,Jena OIlier,joilierfn@taobao.com,sN8TiJ
mplaydenfo,Maurene Playden,mplaydenfo@eventbrite.com,IOI3mRm
rbrazenorfp,Riley Brazenor,rbrazenorfp@newyorker.com,s4lHoZ2
mcrasterfq,Min Craster,mcrasterfq@youku.com,CdEtIyzF
cjollimanfr,Court Jolliman,cjollimanfr@liveinternet.ru,Ccuy9zEoBe
bjozsikafs,Bonnie Jozsika,bjozsikafs@bbb.org,2OZUN3
jborneft,Jeremie Borne,jborneft@theatlantic.com,OT5ERw
gnorcuttfu,Greg Norcutt,gnorcuttfu@reuters.com,ALrVE3b
crouxfv,Chelsea Roux,crouxfv@mlb.com,5orGsZp
tharwoodfw,Tanny Harwood,tharwoodfw@csmonitor.com,Az5JeTAnfPk
dgiacomazzofx,Devin Giacomazzo,dgiacomazzofx@trellian.com,oWmlKTBECL
bpurchesfy,Broderic Purches,bpurchesfy@homestead.com,3OXiIw
gwellingfz,Gisella Welling,gwellingfz@sakura.ne.jp,ZH4gXZ
lmanifieldg0,Les Manifield,lmanifieldg0@alibaba.com,Z7qUjMxpNNT
avang1,Ambrosio Van Salzberger,avang1@tinyurl.com,wF4BoXjERx
bbriddleg2,Briant Briddle,bbriddleg2@cpanel.net,ferzEmw
dveldeg3,Dalenna Velde,dveldeg3@yellowpages.com,1MNYEObj
tmccurting4,Tanya McCurtin,tmccurting4@bbb.org,17y9AJEm
smanleyg5,Susanne Manley,smanleyg5@dailymail.co.uk,GiahdkN
jwilkowskig6,Jarrett Wilkowski,jwilkowskig6@hostgator.com,pUW10oI
gdellenbrokg7,Gorden Dellenbrok,gdellenbrokg7@odnoklassniki.ru,p5yZPCDPf9
awiddocksg8,Angelique Widdocks,awiddocksg8@earthlink.net,di1MqFj3Bda0
cchifneyg9,Chandra Chifney,cchifneyg9@devhub.com,MKqMxE
mhydesga,Myrtie Hydes,mhydesga@va.gov,04I6rnt
mbuffgb,Monty Buff,mbuffgb@flavors.me,6ekxTfd
tsibberinggc,Teodoro Sibbering,tsibberinggc@unc.edu,FCaeWp41
bmoorerudgd,Brod Moorerud,bmoorerudgd@nbcnews.com,zZenfs
bzavittierige,Boigie Zavittieri,bzavittierige@instagram.com,Te10CR1
dbluckgf,Dugald Bluck,dbluckgf@netvibes.com,GMRL02eFZ
elobleygg,Estelle Lobley,elobleygg@w3.org,DJjRQtLO
eboanasgh,Eddie Boanas,eboanasgh@vk.com,xb0PZSvmU3qS
cecclesgi,Clair Eccles,cecclesgi@soundcloud.com,nG0jjABl
fdurdygj,Fred Durdy,fdurdygj@hc360.com,zT88xvfJ8
achristiegk,Arlinda Christie,achristiegk@sciencedirect.com,EljOdU
cvaunegl,Caty Vaune,cvaunegl@instagram.com,9JqXggu
rfurbankgm,Ramon Furbank,rfurbankgm@icio.us,vathLDL
kloodygn,Katharyn Loody,kloodygn@bizjournals.com,UlBwTcM43Zy
mhoulworthgo,Mariska Houlworth,mhoulworthgo@google.pl,LiFCXjnA
npilbeamgp,Nikki Pilbeam,npilbeamgp@disqus.com,G03V2yIp
gbattingq,Gusta Battin,gbattingq@examiner.com,BK7GTnkbfr9w
zcorpsgr,Zita Corps,zcorpsgr@studiopress.com,NEJ9Jh3BEIw
dsachgs,Doro Sach,dsachgs@nbcnews.com,jri2kSPFC
jlouisetgt,Jeni Louiset,jlouisetgt@spotify.com,UaBoAyJrVOL
dboonegu,Daveen Boone,dboonegu@blogger.com,RLkBJgG
ebrandsmagv,Everard Brandsma,ebrandsmagv@stanford.edu,ID1SzWh
kmustardgw,Keriann Mustard,kmustardgw@shutterfly.com,3Pp8b1JIX
jfisbburnegx,Justina Fisbburne,jfisbburnegx@prnewswire.com,ThEA6W
sgrinikhinovgy,Shayna Grinikhinov,sgrinikhinovgy@umn.edu,5uIV4JR
afranzkegz,Agatha Franzke,afranzkegz@vk.com,vaARWq
mmarousekh0,Myron Marousek,mmarousekh0@upenn.edu,qaAdqZ3bOw
lberndtssonh1,Lizette Berndtsson,lberndtssonh1@loc.gov,qI8wfwYE0at
emasoh2,Erika Maso,emasoh2@fda.gov,vq2SRaqFmwWJ
kcoveh3,Katine Cove,kcoveh3@microsoft.com,5qupGNXBd
abedlingtonh4,Angelika Bedlington,abedlingtonh4@hud.gov,9GF9nMstj
jpetrollih5,Jacklin Petrolli,jpetrollih5@friendfeed.com,3xRldAtmznQp
aaizikovitchh6,Abrahan Aizikovitch,aaizikovitchh6@irs.gov,t3e83VZ
dpatronih7,Davie Patroni,dpatronih7@canalblog.com,KXLS2p31oBn
rsurteesh8,Rhodie Surtees,rsurteesh8@mozilla.com,KiFd8Yz
lbandeyh9,Lotta Bandey,lbandeyh9@people.com.cn,dli1brKc
rivanikovha,Raynell Ivanikov,rivanikovha@pcworld.com,NxYxcVFj
sclissellhb,Sascha Clissell,sclissellhb@usda.gov,QtglcHD
ctrythallhc,Carlota Trythall,ctrythallhc@webnode.com,imh2I9
hkamallhd,Heddi Kamall,hkamallhd@nhs.uk,KDQmxU95zz0
jocriganhe,Janel O'Crigan,jocriganhe@utexas.edu,7h2rURvuM1
bbedomehf,Bernard Bedome,bbedomehf@ask.com,PD5ESY
whalpeinehg,Washington Halpeine,whalpeinehg@technorati.com,u4cpW7Kz
hscutterhh,Hurleigh Scutter,hscutterhh@google.com.hk,ckHAjA
bgrigorinihi,Baillie Grigorini,bgrigorinihi@webs.com,b6bryWl6
akastinghj,Amabelle Kasting,akastinghj@engadget.com,B5ZVM5oeY4NY
kduforehk,Kale Dufore,kduforehk@soundcloud.com,ox6sCSm9x5al
amurishl,Aliza Muris,amurishl@dailymotion.com,bg5AC8
glindehm,Gawain Linde,glindehm@twitpic.com,BvaM1lb0tpEq
bpendrehn,Brennen Pendre,bpendrehn@google.co.jp,CRJ7A3KPsgBu
gsheringtonho,Glennie Sherington,gsheringtonho@webnode.com,CJncvwONG8F
cgwillimhp,Chrissie Gwillim,cgwillimhp@vistaprint.com,HZ3d6t7d
wbittlestonehq,Worth Bittlestone,wbittlestonehq@fc2.com,oCPq4zW0Z
cjadczakhr,Charlene Jadczak,cjadczakhr@businessweek.com,2u6YWErKNw
rmattevihs,Reginauld Mattevi,rmattevihs@elegantthemes.com,FD4T5Fx3xEP9
bmuirheadht,Blancha Muirhead,bmuirheadht@themeforest.net,43Ts2zQ
ehupehu,Ethelda Hupe,ehupehu@hud.gov,PRNsQ8XQoQW
oshortthv,Otis Shortt,oshortthv@histats.com,Iiw0CZE9O
jedisonhw,Jethro Edison,jedisonhw@csmonitor.com,knbj3WJLcCy
wlogsdailhx,Woodie Logsdail,wlogsdailhx@histats.com,aIiefg
lbranehy,Lyndel Brane,lbranehy@infoseek.co.jp,726t82heZZL
bfarrantshz,Baryram Farrants,bfarrantshz@cyberchimps.com,wUDi5iKsJ5
cshieri0,Christie Shier,cshieri0@etsy.com,L4FCRPlH
ageevesi1,Andonis Geeves,ageevesi1@reference.com,Uafbb8
mcaulwelli2,Marita Caulwell,mcaulwelli2@addtoany.com,9jvwUwbL
jmorbeyi3,Jeri Morbey,jmorbeyi3@ovh.net,7ovLQeyIBo
acormacki4,Andrea Cormack,acormacki4@who.int,hsnvNvAcsK
bgallifonti5,Baron Gallifont,bgallifonti5@admin.ch,7QFDbjMz
gsandelandi6,Glennie Sandeland,gsandelandi6@reuters.com,72ccYsTOqIk
jdosdilli7,Jemimah Dosdill,jdosdilli7@redcross.org,gLuT8UXxPM
cmaddicki8,Caro Maddick,cmaddicki8@cnn.com,a3RGUI1T
tmajuryi9,Thaxter Majury,tmajuryi9@forbes.com,t6DNUNx
cwoolrichia,Cam Woolrich,cwoolrichia@harvard.edu,M9l6cIbxLy
ostationib,Olia Station,ostationib@alibaba.com,8tbxp1Chhk
sscurreric,Sileas Scurrer,sscurreric@smugmug.com,w1FokdVXXP7
srowthorneid,Sutherland Rowthorne,srowthorneid@uol.com.br,HE5iCK
lkovacsie,Langston Kovacs,lkovacsie@home.pl,iYyCBLERR5R
smitchesonif,Stanfield Mitcheson,smitchesonif@google.ru,9YcEUAQNjuoZ
eioriig,Edwin Iori,eioriig@google.com,i4Y5CrRseT8
atrustieih,Ashia Trustie,atrustieih@rambler.ru,IKFrKN6
ntesoeii,Nadya Tesoe,ntesoeii@parallels.com,0NPOSI9tVs7y
awerendellij,Annabell Werendell,awerendellij@cpanel.net,xpq569e
aelsburyik,Allianora Elsbury,aelsburyik@soundcloud.com,6r1oJL
hmaystonil,Hurley Mayston,hmaystonil@jugem.jp,dXRvu0Zc
rsparyim,Rhetta Spary,rsparyim@usa.gov,OkvC53kk6Q8
educkinfieldin,Evelina Duckinfield,educkinfieldin@godaddy.com,e21lxX2iIUwf
ahazletonio,Adel Hazleton,ahazletonio@flickr.com,Md4fLX7NfHkU
bpooltonip,Bernelle Poolton,bpooltonip@woothemes.com,HkaS4yccK
nslotiq,Noe Slot,nslotiq@over-blog.com,XGTSvtu3
fchessmanir,Fianna Chessman,fchessmanir@unc.edu,PRggKYT
ydorkensis,Ynez Dorkens,ydorkensis@blog.com,fAeFmWVWZF
dmuzzulloit,Daffy Muzzullo,dmuzzulloit@ibm.com,0EPMxhCmvc
wburtonshawiu,Weider Burtonshaw,wburtonshawiu@auda.org.au,7ISnJkgL
gsawteriv,Gerta Sawter,gsawteriv@weather.com,bA6NHMf
epopoviw,Ermentrude Popov,epopoviw@i2i.jp,AD6UPhxuXa
psuermeiersix,Penny Suermeiers,psuermeiersix@usa.gov,o4iyzp
tkinavaniy,Tedra Kinavan,tkinavaniy@tuttocitta.it,9LzoMNvwa1V
asmithsoniz,Annabella Smithson,asmithsoniz@themeforest.net,XKr05l7G
mduj0,Moina Du Hamel,mduj0@mysql.com,jEXznwRPb68p
talleryj1,Theodora Allery,talleryj1@princeton.edu,VwbwaD
mpenkj2,Mischa Penk,mpenkj2@bluehost.com,Yzn6wKYcWS
hzornj3,Hunfredo Zorn,hzornj3@mashable.com,kL2mVRgre
gthyerj4,Gerrard Thyer,gthyerj4@bizjournals.com,99cEXfSRbxvf
jsedgeworthj5,Jeri Sedgeworth,jsedgeworthj5@xinhuanet.com,3lz2OS
ssedgemorej6,Sonnie Sedgemore,ssedgemorej6@ehow.com,jZBGNscRqFF9
mhapkej7,Meghann Hapke,mhapkej7@amazon.de,JWInHxXo
hdronj8,Horatio Dron,hdronj8@quantcast.com,naIHKqY
rkeppiej9,Redd Keppie,rkeppiej9@phoca.cz,rgzxsR2Zz
cmayoralja,Catlaina Mayoral,cmayoralja@example.com,WgGgGSjuw
asuggettjb,Ailee Suggett,asuggettjb@themeforest.net,4OYMVc
psimakovjc,Perceval Simakov,psimakovjc@house.gov,je4rgcBLB
bliffeyjd,Bill Liffey,bliffeyjd@sbwire.com,tKW1Qk
styttertonje,Silvan Tytterton,styttertonje@jugem.jp,yj2EyAGrwB
kcrutchfieldjf,Kare Crutchfield,kcrutchfieldjf@indiatimes.com,gs3XxFvJ
ageikiejg,Aimil Geikie,ageikiejg@artisteer.com,UvMmUBrx
jkarpychevjh,Jereme Karpychev,jkarpychevjh@histats.com,i17TC5B
jnerhenyji,Josselyn Nerheny,jnerhenyji@examiner.com,xK1y589vQK
agontierjj,Audra Gontier,agontierjj@cdc.gov,DiOTVnpI
spynnjk,Siouxie Pynn,spynnjk@abc.net.au,kH7qMF73J
ofelipjl,Ode felip,ofelipjl@usgs.gov,eQ7iChj9Q
abourtoumieuxjm,Antoine Bourtoumieux,abourtoumieuxjm@bloglovin.com,qAadHrt9JY
kriccardijn,Katrine Riccardi,kriccardijn@comsenz.com,LC3WieuXVTI
rrosenhausjo,Rhys Rosenhaus,rrosenhausjo@wsj.com,Y3ECy5xEz
ssargisonjp,Silvain Sargison,ssargisonjp@illinois.edu,tkuxkEiJ
rthewlessjq,Rees Thewless,rthewlessjq@zimbio.com,QpRfkIloO8ZK
elithgowjr,Esmeralda Lithgow,elithgowjr@ycombinator.com,tpnRd0Rhr
lbenoistjs,Linea Benoist,lbenoistjs@rambler.ru,Kb6Tk4
gmessengerjt,Gabbi Messenger,gmessengerjt@macromedia.com,fLy1WqRaM
lculterju,Lazarus Culter,lculterju@php.net,INhzrnXjKR
etraffordjv,Emmeline Trafford,etraffordjv@boston.com,vpnWjHzLv2WO
dhadlandjw,Derick Hadland,dhadlandjw@g.co,g2boAsh
cprestigejx,Chas Prestige,cprestigejx@about.me,eRkbm3C
cmeasuresjy,Crysta Measures,cmeasuresjy@feedburner.com,rQsjGL
mswinleyjz,Milli Swinley,mswinleyjz@fastcompany.com,3GTWYXx
khenrik0,Kendricks Henri,khenrik0@mozilla.org,V9YxfKZ
jfluink1,Joelly Fluin,jfluink1@free.fr,Y8cwLGI
akonzelmannk2,Alex Konzelmann,akonzelmannk2@unblog.fr,EdP5QkxRR
arussk3,Austen Russ,arussk3@shutterfly.com,8A7Gr3tnUR6
mharsesk4,Miranda Harses,mharsesk4@comcast.net,woPsVsMB
ptrymmek5,Poul Trymme,ptrymmek5@ibm.com,B8FBbP1TNlU
bromerilk6,Babbie Romeril,bromerilk6@twitpic.com,CxodtOWR
mdelieuk7,Madeleine Delieu,mdelieuk7@ocn.ne.jp,9iZCK29I
gwillavoysk8,Geoff Willavoys,gwillavoysk8@bing.com,v67AeGRG
lzimmermank9,Latrina Zimmerman,lzimmermank9@php.net,jUb4hTqf
hmcrobertska,Humbert McRoberts,hmcrobertska@ning.com,ZUsZCYMCfA
ipallaskekb,Ira Pallaske,ipallaskekb@yellowbook.com,WR1BV0sNAl
iwyndhamkc,Issie Wyndham,iwyndhamkc@sphinn.com,Ob9Kbf
hclinningkd,Hattie Clinning,hclinningkd@businessinsider.com,wwvhtmGIMF
mmappleske,Meghan Mapples,mmappleske@icq.com,QXmiMq6Sn
gmarrowskf,Germaine Marrows,gmarrowskf@typepad.com,P1prvE2lTjT
ddunstonkg,Domenic Dunston,ddunstonkg@ycombinator.com,dW0zE6pIQUX8
smorecombkh,Shelagh Morecomb,smorecombkh@tinypic.com,lZXV7xa3
jlesleyki,Jobie Lesley,jlesleyki@google.pl,y9hUrO4gJhH
llemmerskj,Leonore Lemmers,llemmerskj@nyu.edu,TXM4nTV
agoldstrawkk,Appolonia Goldstraw,agoldstrawkk@posterous.com,3aO8NTHf
sshegogkl,Sid Shegog,sshegogkl@walmart.com,oSW8BU5oCgN9
agelemankm,Alair Geleman,agelemankm@boston.com,xpKmeFJ4KQ
cattestonekn,Caitrin Atte-Stone,cattestonekn@comsenz.com,hMI12I9nD
hswatheridgeko,Heath Swatheridge,hswatheridgeko@house.gov,FWu1j72LjfkX
tesomekp,Tamara Esome,tesomekp@tmall.com,53CN6dcz
maudsleykq,Mickie Audsley,maudsleykq@fema.gov,pYj5Sr
dfeverkr,Dolli Fever,dfeverkr@webmd.com,A5wV3lH
egillisks,Edie Gillis,egillisks@godaddy.com,ZHoVWJsP
bkuhnkt,Barrett Kuhn,bkuhnkt@wix.com,tOgJER7zBJ8z
rdomengueku,Rhetta Domengue,rdomengueku@foxnews.com,Pt9TqclYZDGU
hfullekv,Helaina Fulle,hfullekv@nbcnews.com,IJ5kxa2kM0
dparringtonkw,Delmer Parrington,dparringtonkw@blogtalkradio.com,1oto2LwY
qdaymentkx,Quintin Dayment,qdaymentkx@opensource.org,xLiKe99eC2G6
cpoureky,Crysta Poure,cpoureky@apache.org,S6MSCP7uGr
gchadwyckkz,Gunther Chadwyck,gchadwyckkz@topsy.com,ujib4UYC
fmcskeaganl0,Florinda McSkeagan,fmcskeaganl0@cnn.com,L9xepjux
tdurtnelll1,Tab Durtnell,tdurtnelll1@gov.uk,cQbutfs
pfranklandl2,Prissie Frankland,pfranklandl2@utexas.edu,wD38BASL
bhogganl3,Barnard Hoggan,bhogganl3@nifty.com,waSwaMW5UTJ
santoneyl4,Stephana Antoney,santoneyl4@1und1.de,Os6djoS7fuY
ocaplel5,Oran Caple,ocaplel5@pen.io,LaDoLe
ecoylel6,Estevan Coyle,ecoylel6@chron.com,x53jkyR
dtollel7,Dodie Tolle,dtollel7@amazon.de,hEa0FXCwU
jbonyl8,Jemimah Bony,jbonyl8@bloglines.com,65PgtxUv
gkeartonl9,Giralda Kearton,gkeartonl9@latimes.com,rF7S6e0TGeGy
ablabiela,Agnese Blabie,ablabiela@bluehost.com,D1SeEBYN
dlodwiglb,Deb Lodwig,dlodwiglb@yandex.ru,j7KmQj
cjireklc,Claudell Jirek,cjireklc@wordpress.com,zFW9ZN
hreinhardtld,Hendrika Reinhardt,hreinhardtld@oracle.com,5iICzl8kOn2
ckuhnwaldle,Claudelle Kuhnwald,ckuhnwaldle@hhs.gov,iXA8e6Vqr8A1
nmunbylf,Netta Munby,nmunbylf@mit.edu,czATOgVA
ebrabantlg,Eberhard Brabant,ebrabantlg@opensource.org,Hc5NYn
bbletsoelh,Burnaby Bletsoe,bbletsoelh@meetup.com,tFYJLV
jrafterli,Jephthah Rafter,jrafterli@youku.com,lY4Osq7Vfr
wdunslj,Wallis Duns,wdunslj@sourceforge.net,l9cbS2kxBNnm
shyndeslk,Stavro Hyndes,shyndeslk@webmd.com,eD7NhtPTLWsa
dsherlawll,Dreddy Sherlaw,dsherlawll@ca.gov,Hl1plvEXr
kcuttinglm,Kaile Cutting,kcuttinglm@deviantart.com,Cz2AtuK8Y3K
bmckerleyln,Birgitta Mc-Kerley,bmckerleyln@merriam-webster.com,FyATh3J
jleasklo,Jervis Leask,jleasklo@e-recht24.de,C230qbqDuIPf
adruganlp,Amity Drugan,adruganlp@spiegel.de,BzRtTToIS
alampellq,Adelbert Lampel,alampellq@princeton.edu,LENeXC
kedmonstonelr,Kliment Edmonstone,kedmonstonelr@fc2.com,VjYiJZ8
dscallyls,Drew Scally,dscallyls@comsenz.com,8IVQFBzOwG
rbellerlt,Ricki Beller,rbellerlt@printfriendly.com,5PJjrlYHwQ
djoppichlu,Dagny Joppich,djoppichlu@parallels.com,ElhOXe
trimmerlv,Tyler Rimmer,trimmerlv@skype.com,POMG74fC6RZs
mzannilw,Modesta Zanni,mzannilw@dot.gov,YcTBXbvsZdU7
kprobylx,Keir Proby,kprobylx@washington.edu,7mYBR3Ksvl
nbumfordly,Noland Bumford,nbumfordly@smh.com.au,gy1qyVOHCV
nblawlz,Nessie Blaw,nblawlz@chicagotribune.com,TbKGBPXL
dpoolmanm0,Demott Poolman,dpoolmanm0@typepad.com,xX2cvQrsT9
mferraracciom1,Manda Ferraraccio,mferraracciom1@google.nl,YfOulRli0V6o
vmactrustriem2,Vito MacTrustrie,vmactrustriem2@comsenz.com,daOofmd57YV
kfrizellm3,Kristel Frizell,kfrizellm3@simplemachines.org,4395tu
wconklinm4,Wenda Conklin,wconklinm4@ftc.gov,K5EpnrLhmMHE
bkayem5,Briant Kaye,bkayem5@rediff.com,wEELOlL
fronanm6,Filip Ronan,fronanm6@youtube.com,uZFbbwkvoWC
cwitherdenm7,Culver Witherden,cwitherdenm7@artisteer.com,6EePc49I
nogilvym8,Nadiya Ogilvy,nogilvym8@yolasite.com,4L0udTNPg
ubennellickm9,Uta Bennellick,ubennellickm9@timesonline.co.uk,umCzQ8
bdenleyma,Brennen Denley,bdenleyma@sun.com,spSHUftk
tattrillmb,Tanney Attrill,tattrillmb@pinterest.com,8v6ig88xVdg
rrodgermc,Rosamund Rodger,rrodgermc@narod.ru,thuc80J60
rblackallermd,Rosita Blackaller,rblackallermd@rambler.ru,NDpF34
mmatthewme,Mar Matthew,mmatthewme@ed.gov,2hQs61WfGO
djanikmf,Denni Janik,djanikmf@ning.com,lJyNccLru
thinstockmg,Terence Hinstock,thinstockmg@chronoengine.com,fHhpxUG1k
jjiggenmh,Jaymie Jiggen,jjiggenmh@privacy.gov.au,10O8EKU4T
mblakemi,Mavra Blake,mblakemi@xrea.com,eyor4gXcQSS
bskelchermj,Bailie Skelcher,bskelchermj@netlog.com,qeIeil
mdominicaccimk,Marjorie Dominicacci,mdominicaccimk@theglobeandmail.com,DNDIAa0dJrmQ
rleggottml,Rosemonde Leggott,rleggottml@meetup.com,ggRdYrvdpQ
lberzinsmm,Lane Berzins,lberzinsmm@buzzfeed.com,J5zquh
smessentmn,Sinclair Messent,smessentmn@qq.com,g3nVMQMJ
hcrumbmo,Holli Crumb,hcrumbmo@oaic.gov.au,AR6l4gvQ
kdedenhammp,Kellen Dedenham,kdedenhammp@paginegialle.it,nVDMFYfx2I
estathormq,Essa Stathor,estathormq@bloomberg.com,59wn4bJ
kkimmerlingmr,Kristoffer Kimmerling,kkimmerlingmr@gov.uk,uwgNDW
cfilshinms,Clarinda Filshin,cfilshinms@icio.us,OJqMpIn
smckinnellmt,Stefanie McKinnell,smckinnellmt@ocn.ne.jp,GtlaoY
smallendermu,Sissy Mallender,smallendermu@xinhuanet.com,X0LttN31l
wnugentmv,Wat Nugent,wnugentmv@foxnews.com,eep7m6Nw2Y
tgitthousemw,Tucky Gitthouse,tgitthousemw@google.es,48x9pcyM0jr
mkitchenermx,Minna Kitchener,mkitchenermx@simplemachines.org,KskMXi
bgillammy,Bride Gillam,bgillammy@blogtalkradio.com,zQUMxdUP
clindroosmz,Cassi Lindroos,clindroosmz@gov.uk,pzYDJj77M3o1
tlinstern0,Tybalt Linster,tlinstern0@sciencedaily.com,YZ2eHG
lbonteinn1,Lucius Bontein,lbonteinn1@facebook.com,LrCBO0
spawseyn2,Stephan Pawsey,spawseyn2@paginegialle.it,ofCMlh
sdungayn3,Shalom Dungay,sdungayn3@feedburner.com,StBoRB
rmcreynoldsn4,Rafaela McReynolds,rmcreynoldsn4@aboutads.info,KdJRFlLv
kbushelln5,Kaitlyn Bushell,kbushelln5@deliciousdays.com,7pkIvcsC
dlinen6,Deerdre Line,dlinen6@weebly.com,wY3OaQmH
lmckevanyn7,Luke McKevany,lmckevanyn7@umn.edu,gkLlIM7crp
bblackbornen8,Brewster Blackborne,bblackbornen8@tinyurl.com,fXffg4K1s
aprewern9,Aguistin Prewer,aprewern9@netscape.com,OYBJWvb
lpleagerna,Lila Pleager,lpleagerna@examiner.com,w4tM3tIMaNW9
ficknb,Farr Ick,ficknb@themeforest.net,LmyVTaNhLkpc
rrodennc,Rorke Roden,rrodennc@so-net.ne.jp,su5GkFNCcs4
nspoorsnd,Nyssa Spoors,nspoorsnd@live.com,AFo3Joi
jkettonne,Jemmie Ketton,jkettonne@vinaora.com,U4gWtFSyTc
gdownesnf,Germain Downes,gdownesnf@comsenz.com,uLeKgR
gbrisleyng,Gabe Brisley,gbrisleyng@nsw.gov.au,k3kkip
cphilipotnh,Caryl Philipot,cphilipotnh@yellowpages.com,9E4Ot8POX9jh
jdionsettoni,Jeannette Dionsetto,jdionsettoni@alibaba.com,Hnd8DyjJYq
gpavyernj,Genvieve Pavyer,gpavyernj@ning.com,hEIRI9pd
bpaxtonnk,Babbie Paxton,bpaxtonnk@ftc.gov,Iv70QXQH
cjoyntnl,Cesaro Joynt,cjoyntnl@theglobeandmail.com,9esnzg6z
hknowlernm,Helena Knowler,hknowlernm@mayoclinic.com,8HhzD5lp1
cdurwardnn,Clotilda Durward,cdurwardnn@macromedia.com,JODiLfpE1
vbrizellno,Valencia Brizell,vbrizellno@mediafire.com,NQwKfoO
llesslienp,Lyndell Lesslie,llesslienp@symantec.com,JG2YRc
cguietnq,Caroljean Guiet,cguietnq@webnode.com,mYuR4CyAf
ggraveynr,Garvin Gravey,ggraveynr@diigo.com,hedkUqz58dp
kbandierans,Kaleb Bandiera,kbandierans@fc2.com,EsfidtEE
pcharpinnt,Phyllis Charpin,pcharpinnt@weebly.com,vKRIhF
sstandagenu,Sidney Standage,sstandagenu@state.gov,4c12TxcKwe6
zduckhousenv,Zorah Duckhouse,zduckhousenv@freewebs.com,3QLKg190B
cvallownw,Chaddy Vallow,cvallownw@imageshack.us,VAK2d4I6R8rG
bhubbersteynx,Betti Hubberstey,bhubbersteynx@thetimes.co.uk,RY4xTxp
livashevny,Lemmie Ivashev,livashevny@discuz.net,MjOc1k
gandriveauxnz,Gardener Andriveaux,gandriveauxnz@altervista.org,JPXDb363Ym8
fterrano0,Farrell Terran,fterrano0@discuz.net,EUG7HAl
lboylino1,Leisha Boylin,lboylino1@ucla.edu,AZioIr
dleo2,Dimitri Le Gallo,dleo2@lycos.com,Hydy8Z1Z
rbrassillo3,Reinhold Brassill,rbrassillo3@gnu.org,ejX5ZB
chunnawillo4,Cookie Hunnawill,chunnawillo4@pen.io,JiyXJ288r
cdowdingo5,Camel Dowding,cdowdingo5@posterous.com,HTGqbq
hdrohuno6,Harriett Drohun,hdrohuno6@cnn.com,5JijAwc2x
vwillougheyo7,Veronica Willoughey,vwillougheyo7@umn.edu,htW5R8iPL5
gbondeseno8,Garner Bondesen,gbondeseno8@fc2.com,b9M99acoeUc5
apauloo9,Art Paulo,apauloo9@dagondesign.com,hOfBhFJI
jliasoa,Julissa Lias,jliasoa@samsung.com,i0KrpMm
bgolbournob,Barrie Golbourn,bgolbournob@netvibes.com,2aZJko6LMPC
rblowoc,Raffarty Blow,rblowoc@reference.com,fU4bakqsb
sjelfod,Skelly Jelf,sjelfod@berkeley.edu,YmLpbGO64s
orheubottomoe,Ophelia Rheubottom,orheubottomoe@europa.eu,CGcv8IN
mdrydenof,Mark Dryden,mdrydenof@fc2.com,yeUxnI
bwhardleyog,Bail Whardley,bwhardleyog@stumbleupon.com,KTmkZg7meQv
ksalmonoh,Kellen Salmon,ksalmonoh@sourceforge.net,ntFJSe
acleeoi,Art Clee,acleeoi@unc.edu,aH7lJJzCXs
fhydesoj,Fitz Hydes,fhydesoj@123-reg.co.uk,ULvCwFgH
cmertonok,Cybil Merton,cmertonok@weebly.com,vtV4kRS7B9Un
shanscomeol,Scarlet Hanscome,shanscomeol@sourceforge.net,SYrw7fvGCv
ohayerom,Oliviero Hayer,ohayerom@bloomberg.com,buNGI4VwL
elauridsenon,Elianore Lauridsen,elauridsenon@squarespace.com,M1KhLTt0IpnY
dleggattoo,Dorey Leggatt,dleggattoo@typepad.com,m8XVhHcR75
rgadmanop,Ricky Gadman,rgadmanop@engadget.com,ztoQas
gkesbyoq,Gal Kesby,gkesbyoq@nih.gov,tdMczd
lgianoloor,Launce Gianolo,lgianoloor@msn.com,NDP7Gv0oVSyw
agallandreos,Ashley Gallandre,agallandreos@china.com.cn,KJvRkwcmNo
tbaribalot,Thaine Baribal,tbaribalot@businessweek.com,O8Zr2yjNV
ethuillierou,Estel Thuillier,ethuillierou@tamu.edu,Zfbv9nH2Q
gwizov,Glory Wiz,gwizov@yellowpages.com,haMXNX5s
labrahamoffow,Letizia Abrahamoff,labrahamoffow@joomla.org,f830IbZz1FVU
dsprottox,Darrick Sprott,dsprottox@flavors.me,AIUA50nn
lmarkoy,Letizia Mark,lmarkoy@deviantart.com,zO6aCI3wL
jalthamoz,Jefferey Altham,jalthamoz@ucoz.ru,VyCiX0G6x
gvanp0,Grant Van Hove,gvanp0@tamu.edu,Dnnh9f
ystrutep1,Yul Strute,ystrutep1@jalbum.net,IoI1ghkjm2Q
iastonp2,Ilene Aston,iastonp2@timesonline.co.uk,8eonLACBm9MY
bingoldp3,Bendite Ingold,bingoldp3@theglobeandmail.com,vQ69YxBEKM
bgregp4,Bobbie Greg,bgregp4@soup.io,I8Zm5siM
gfranzinip5,Gipsy Franzini,gfranzinip5@a8.net,jyzNXU
lgiacopelop6,Loise Giacopelo,lgiacopelop6@jugem.jp,b8CwP5kX
kvinkp7,Keen Vink,kvinkp7@arstechnica.com,0bcMBE11v6
ggamellp8,Gwen Gamell,ggamellp8@homestead.com,S3TtFPKGRV4
lgoningp9,Leanor Goning,lgoningp9@paginegialle.it,IXSYdh
fsimonittopa,Flynn Simonitto,fsimonittopa@utexas.edu,DPNRaOobQ
osimonyipb,Ogden Simonyi,osimonyipb@forbes.com,Sf3oe1YAO
gmollindiniapc,Gregorio Mollindinia,gmollindiniapc@cisco.com,AOosdbkuEQhp
nchristofidespd,Nicki Christofides,nchristofidespd@stanford.edu,lRdUaKMyz
ggrinaughpe,Genni Grinaugh,ggrinaughpe@zimbio.com,6i1iX32OWQhP
reckleypf,Rubie Eckley,reckleypf@shop-pro.jp,KwfHR10qs3I
krichemontpg,Kelly Richemont,krichemontpg@house.gov,5eredWTz
tbunneyph,Toddy Bunney,tbunneyph@netlog.com,BsRQu30WmR2N
oainscowpi,Oralia Ainscow,oainscowpi@homestead.com,Y7eM8gXELz9
mburstowpj,Markus Burstow,mburstowpj@nhs.uk,1YzTkyVn
ecritophpk,Elden Critoph,ecritophpk@slashdot.org,DMcs7Jcf5
bisakovpl,Bengt Isakov,bisakovpl@state.tx.us,byi1PVuOJSP
dpippingpm,Damaris Pipping,dpippingpm@europa.eu,HpwnOVfXM3D
pgosnallpn,Pancho Gosnall,pgosnallpn@dyndns.org,feBSNd91dwqT
tsturgesspo,Thia Sturgess,tsturgesspo@themeforest.net,h56EPcWwTJ
mcloneypp,Marcos Cloney,mcloneypp@google.co.jp,FGjqEvrlcR
vdowningpq,Vale Downing,vdowningpq@blogs.com,az7wrQ
dagneypr,Donny Agney,dagneypr@go.com,5QRXoiPuNmD
rholbyps,Rebe Holby,rholbyps@smugmug.com,9OJf9Qqcb
cmcgilvarypt,Colby McGilvary,cmcgilvarypt@paypal.com,3oz1Cm
drentzpu,Dorothea Rentz,drentzpu@mail.ru,RjTNu19fQP9F
bsoffpv,Bud Soff,bsoffpv@simplemachines.org,L62CtcfKn
dalsoppw,Delainey Alsop,dalsoppw@bbb.org,A8wAqxyLV
cmerchantpx,Calida Merchant,cmerchantpx@google.ru,NdjYDByJFbw
lparletpy,Lizabeth Parlet,lparletpy@pinterest.com,KvF87K2R
fcorstanpz,Fraze Corstan,fcorstanpz@columbia.edu,HPmtduRzzI
fbollettiq0,Fawnia Bolletti,fbollettiq0@yahoo.com,qg3r5xxq
amatejq1,Ahmad Matej,amatejq1@nasa.gov,kypcRxuK1I
crookq2,Catha Rook,crookq2@psu.edu,4VnESYH
lpeardeq3,Loydie Pearde,lpeardeq3@weather.com,iulqi0
carnholdtq4,Christiane Arnholdt,carnholdtq4@jiathis.com,TpGjQgGqbEU
fkastingq5,Florri Kasting,fkastingq5@reuters.com,S9K8QAkhh
sgubbinq6,Sharla Gubbin,sgubbinq6@chron.com,THjyv4B
mspoffordq7,Marybelle Spofford,mspoffordq7@surveymonkey.com,JVc5Mhc0ou
smcduffq8,Sephira McDuff,smcduffq8@furl.net,7tpBMz0ES6ks
kgurnellq9,Kania Gurnell,kgurnellq9@trellian.com,lXxfOT6Xej4z
cmaidlowqa,Casar Maidlow,cmaidlowqa@soup.io,BmUX6Un
dbaseggioqb,Doralyn Baseggio,dbaseggioqb@51.la,a0ZBhUYqROs
ldinnageqc,Lothario Dinnage,ldinnageqc@stumbleupon.com,RZVxVWx
pauldsqd,Port Aulds,pauldsqd@sakura.ne.jp,wvB9O6khAN
wgresteqe,Wren Greste,wgresteqe@wired.com,MbcciXD
fvernerqf,Friedrich Verner,fvernerqf@si.edu,NAIBHZm9
arockallqg,Adel Rockall,arockallqg@live.com,8emEqVMFj1T
lgreenardqh,Lorenzo Greenard,lgreenardqh@cocolog-nifty.com,I3Dwhy6xaQn
smerielqi,Stace Meriel,smerielqi@java.com,trxPyA0w7
aizhakyqj,Alford Izhaky,aizhakyqj@xrea.com,VdoZrZG
kwainwrightqk,Kiley Wainwright,kwainwrightqk@ovh.net,PBcJFLkEb
rgatherellql,Randee Gatherell,rgatherellql@surveymonkey.com,vyjaEnSuvp
tcartlidgeqm,Terza Cartlidge,tcartlidgeqm@msn.com,tuuxIY
onugentqn,Obie Nugent,onugentqn@blogtalkradio.com,Hw0snD
jtwaitsqo,Jennine Twaits,jtwaitsqo@printfriendly.com,otFTtfh
rfardyqp,Royall Fardy,rfardyqp@time.com,O7BRidPu
gjarmainqq,Glenine Jarmain,gjarmainqq@eventbrite.com,Kw32mx
akleinqr,Abbe Klein,akleinqr@prlog.org,CpERlnI
imallanqs,Irv Mallan,imallanqs@sciencedirect.com,WQzHTXJuh
comaraqt,Carlin O'Mara,comaraqt@biglobe.ne.jp,BmpjuiCJT6t
wllewhellinqu,Wait Llewhellin,wllewhellinqu@boston.com,n3OKB12
mprandoniqv,Marline Prandoni,mprandoniqv@newsvine.com,izJdpfUAMw
lmoakesqw,Luz Moakes,lmoakesqw@blogspot.com,IoMKyPd
ocadremanqx,Orazio Cadreman,ocadremanqx@patch.com,ORs4jseuONJ
jdredgeqy,Jory Dredge,jdredgeqy@yandex.ru,20jUz3NcyXA
bsmithamqz,Bertha Smitham,bsmithamqz@hexun.com,7UgK8cKGm
jensorr0,Jaquenetta Ensor,jensorr0@yahoo.co.jp,cmQA2Z
bkeyser1,Brena Keyse,bkeyser1@columbia.edu,78XMPZx
jtomczykiewiczr2,Jayson Tomczykiewicz,jtomczykiewiczr2@epa.gov,YYkTAQyXZo
cgoodlaker3,Caldwell Goodlake,cgoodlaker3@canalblog.com,dOHFf8aR2w
cwithinshawr4,Chris Withinshaw,cwithinshawr4@opensource.org,Vr3GBL
dstaresr5,Dill Stares,dstaresr5@stumbleupon.com,HH9jTzU98v
jduckworthr6,Jeddy Duckworth,jduckworthr6@oracle.com,rEwVA88sW
cileyr7,Courtnay Iley,cileyr7@jugem.jp,EhxkcTnnR
lfearnyoughr8,Lillian Fearnyough,lfearnyoughr8@angelfire.com,06eMz1T
llilburnr9,Laryssa Lilburn,llilburnr9@redcross.org,05FyhS8iwouT
vegglera,Valida Eggle,vegglera@slashdot.org,wFvCoCOoaM
wdeehanrb,Wallie Deehan,wdeehanrb@princeton.edu,FoC4Bwyhs
fmccotterrc,Fergus McCotter,fmccotterrc@sun.com,bCKET5
hpotterilrd,Hammad Potteril,hpotterilrd@reference.com,aOGXRmUqVby5
jbampkinre,Jamill Bampkin,jbampkinre@uol.com.br,9Lk07d1nn
mcominirf,Mack Comini,mcominirf@rediff.com,WmxX3mif0
adancyrg,Adorne Dancy,adancyrg@sun.com,szQlJdH
ugwynnrh,Ulrich Gwynn,ugwynnrh@parallels.com,gsZyPS8
ecortinri,Evangelin Cortin,ecortinri@cdc.gov,eehdlU2FHCRH
jbinnerrj,Jaquith Binner,jbinnerrj@hibu.com,rGhGB79
pmatschkerk,Perry Matschke,pmatschkerk@vkontakte.ru,a1T0ZpbZMwit
ugonzalvorl,Urson Gonzalvo,ugonzalvorl@opera.com,pnCtAs
ewillmotrm,Elissa Willmot,ewillmotrm@unesco.org,mBOWqMTc
rfollettrn,Rog Follett,rfollettrn@army.mil,gmPavkS
lblakesleero,Llewellyn Blakeslee,lblakesleero@behance.net,xYkOkXo5qF
mvoletrp,Muhammad Volet,mvoletrp@mapy.cz,9yECcfWHiibq
mbrosnanrq,Merilee Brosnan,mbrosnanrq@netscape.com,KG7QER5JX
yhabberjamrr,Yul Habberjam,yhabberjamrr@adobe.com,W3zNjTftI
